ClientName,InstallerURL
4C for Children,https://app.ninjarmm.com/agent/installer/28bb963a-cc36-4fde-884e-3813fe927283/4cforchildrenmainofficec33c71-5.9.1158-windows-installer.msi
Acclaim Home Health,https://app.ninjarmm.com/agent/installer/e42c7542-1322-4202-bbd2-bc393dde4cc7/acclaimhomehealthmainoffice20fffa-5.9.1158-windows-installer.msi
Affordable Fasteners,https://app.ninjarmm.com/agent/installer/2f9f763b-c190-4e65-b57b-ba162a583514/affordablefastenersmainoffice8709ff-5.9.1158-windows-installer.msi
Allergy & Asthma,https://app.ninjarmm.com/agent/installer/85085ac2-cae7-4f52-bef6-6fc533932e7e/allergyasthmamainofficed56bb0-5.9.1158-windows-installer.msi
Alphamark,https://app.ninjarmm.com/agent/installer/bc8db0d2-ed8e-405c-b957-79e3df5c959e/alphamarkmainoffice82c7bc-5.9.1158-windows-installer.msi
Ammon Nursery,https://app.ninjarmm.com/agent/installer/35fc8388-af72-487a-9d46-c3d7536b59d4/ammonnurserymainoffice41c73d-5.9.1158-windows-installer.msi
Anchor Properties,https://app.ninjarmm.com/agent/installer/fb796ff0-2857-4216-8ecc-40b01a672326/anchorpropertiesmainofficece80b0-5.9.1158-windows-installer.msi
Anderson Endoscopy Center,https://app.ninjarmm.com/agent/installer/a7f82297-eb00-4178-ad10-24c68bbf4779/andersonendoscopycentermainoffice420866-5.9.1158-windows-installer.msi
AR Design,https://app.ninjarmm.com/agent/installer/12d26036-a59c-46b4-b42a-bf1543afbdd2/ardesignmainoffice02f3d9-5.9.1158-windows-installer.msi
Bachmans,https://app.ninjarmm.com/agent/installer/273fc0c4-fa0a-487d-a0bf-0806e29086d4/bachmansmainofficeccb155-5.9.1158-windows-installer.msi
Bansal,https://app.ninjarmm.com/agent/installer/34989ce0-c25f-4911-b28b-76663fdd0030/bansalmainofficea7add2-5.9.1158-windows-installer.msi
Baptist Bible Hour,https://app.ninjarmm.com/agent/installer/2181f7d6-f620-48ae-aebc-b6e62ce95334/baptistbiblehourmainoffice22228d-5.9.1158-windows-installer.msi
Becker Gallagher,https://app.ninjarmm.com/agent/installer/7fbcfaf1-8ea7-4b25-b6e4-305412351d13/beckergallaghermainofficef9f3b5-5.9.1158-windows-installer.msi
Bernstein Allergy,https://app.ninjarmm.com/agent/installer/cee209f7-9cd3-43f3-9862-8e1f20eef6d7/bernsteinallergymainofficed9935c-5.9.1158-windows-installer.msi
Bertke Electric,https://app.ninjarmm.com/agent/installer/bc790bab-65cf-408a-8c94-2831f45c64d7/bertkeelectricmainofficed65b49-5.9.1158-windows-installer.msi
Blessed Sacrament Church (BSCKY),https://app.ninjarmm.com/agent/installer/9c5647b2-0c84-443c-a799-edf79bf0751d/blessedsacramentchurchbsckymainoffice1ad320-5.9.1158-windows-installer.msi
Blessed Sacrament School (BSSKY),https://app.ninjarmm.com/agent/installer/01387b87-bbe8-4e23-b137-8747efdd8c3b/blessedsacramentschoolbsskymainofficee51bb8-5.9.1158-windows-installer.msi
Blum,https://app.ninjarmm.com/agent/installer/99022086-13c4-49b2-8aef-9eb1b5e7d23f/blummainoffice3a10d8-5.9.1158-windows-installer.msi
Calderhead Law Office,https://app.ninjarmm.com/agent/installer/d632b7d1-c28f-4342-a56c-d572c8f5fed5/calderheadlawofficemainofficea3db5b-5.9.1158-windows-installer.msi
Caracole,https://app.ninjarmm.com/agent/installer/9217c338-d11a-4895-85d2-6152e3d09a39/caracolemainofficee084be-5.9.1158-windows-installer.msi
Cardinal Pacelli,https://app.ninjarmm.com/agent/installer/e318cf93-007f-4fe6-9c1c-e4700f4ad106/cardinalpacellimainofficef76cf9-5.9.1158-windows-installer.msi
Catholic Charities,https://app.ninjarmm.com/agent/installer/e9036f05-c6a1-49cf-84fb-3a529efd12d4/catholiccharitiesmainoffice2e35d1-5.9.1158-windows-installer.msi
Center Bank,https://app.ninjarmm.com/agent/installer/97140fdc-d263-4ebd-a109-dacd54aea82e/centerbankmainofficedc727b-5.9.1158-windows-installer.msi
Chass Seligman,https://app.ninjarmm.com/agent/installer/271615fa-59ec-471f-841c-9cefe6c9c5f3/chassseligmanmainoffice4b843d-5.9.1158-windows-installer.msi
CHNK,https://app.ninjarmm.com/agent/installer/cf708de5-2afe-4533-ae83-2a5f9bedc099/chnkmainofficeafe5a4-5.9.1158-windows-installer.msi
Cincinnati Gasket,https://app.ninjarmm.com/agent/installer/b3b86ea4-0389-40ae-a2dc-7bc834b11818/cincinnatigasketmainofficefa75d0-5.9.1158-windows-installer.msi
Cincinnati GI,https://app.ninjarmm.com/agent/installer/c77cf498-023f-441b-bab1-9b7712bfd2fd/cincinnatigimainoffice665802-5.9.1158-windows-installer.msi
Cincinnati Internal Medicine,https://app.ninjarmm.com/agent/installer/b27c3d35-cd5e-409e-958c-45b31705bd77/cincinnatiinternalmedicinemainofficef0f528-5.9.1158-windows-installer.msi
Cincinnati Surgical,https://app.ninjarmm.com/agent/installer/1713e6e8-2564-41cc-8fe2-c32cb52d2e69/cincinnatisurgicalmainofficedba9bd-5.9.1158-windows-installer.msi
Cintech Construction,https://app.ninjarmm.com/agent/installer/b6290186-253e-475f-b57a-d4207d5c42a3/cintechconstructionmainoffice5a1ee0-5.9.1158-windows-installer.msi
City of Erlanger,https://app.ninjarmm.com/agent/installer/d56b12e9-6f7b-4e41-8709-46f7b10da0db/cityoferlangermainoffice0b4814-5.9.1158-windows-installer.msi
CleanLife,https://app.ninjarmm.com/agent/installer/63f0af9d-d0fa-4b63-9623-45b059ad60af/cleanlifemainofficef4467b-5.9.1158-windows-installer.msi
Clermont County Community Services,https://app.ninjarmm.com/agent/installer/a1769ab2-2ab3-4e5f-a3ef-036133610f3c/clermontcountycommunityservicesmainofficeda0c1e-5.9.1158-windows-installer.msi
Clermont Steel Fabricators,https://app.ninjarmm.com/agent/installer/d0a847d5-fea6-45e1-a35a-89e94cea1a92/clermontsteelfabricatorsmainofficefc4ed3-5.9.1158-windows-installer.msi
Complete Fire Protection,https://app.ninjarmm.com/agent/installer/371fc62c-db5c-4875-9419-fbe3fe38e5b1/completefireprotectionmainoffice108f19-5.9.1158-windows-installer.msi
Compton Point,https://app.ninjarmm.com/agent/installer/bb90798f-5547-48ac-9f48-b3aaffae3379/comptonpointmainoffice56607c-5.9.1158-windows-installer.msi
Conveyor Services Inc.,https://app.ninjarmm.com/agent/installer/73760b47-fb5f-47e3-8981-53d893e648ad/conveyorservicesincmainofficeb918e5-5.9.1158-windows-installer.msi
D & E Equipment,https://app.ninjarmm.com/agent/installer/cb3e8406-e3ee-4c7a-8c59-bfb63d1879bc/deequipmentmainoffice16f8c9-5.9.1158-windows-installer.msi
Dalton Roofing,https://app.ninjarmm.com/agent/installer/28277244-bce1-40ec-877f-119dd4ea0999/daltonroofingmainoffice113c09-5.9.1158-windows-installer.msi
Derrick,https://app.ninjarmm.com/agent/installer/cafed8f0-67c7-4a0c-ba2c-7a5de32e2ff9/derrickmainoffice614659-5.9.1158-windows-installer.msi
Durr Foundation,https://app.ninjarmm.com/agent/installer/4b785f23-29b0-49f6-98b8-99a0046c7b03/durrfoundationmainoffice4568f2-5.9.1158-windows-installer.msi
EAP,https://app.ninjarmm.com/agent/installer/8f8393f8-b8d3-415b-bf8e-ebd32e68cc79/eapmainofficeb146aa-5.9.1158-windows-installer.msi
Emerald/BCD,https://app.ninjarmm.com/agent/installer/e513311c-627c-483a-8224-f5ca7e5d3b7f/emeraldbcdmainofficecb8777-5.9.1158-windows-installer.msi
Enriching Spaces,https://app.ninjarmm.com/agent/installer/190f977e-988f-4ae6-aaca-6e0692c3b247/enrichingspacesmainoffice5439ec-5.9.1158-windows-installer.msi
ENT,https://app.ninjarmm.com/agent/installer/5a31e508-0fc0-425d-ac28-4399800d9d6f/entmainofficefbd396-5.9.1158-windows-installer.msi
EVERS Steel,https://app.ninjarmm.com/agent/installer/d022a82a-f706-4ad1-bddd-f4161b221a18/everssteelmainoffice2a7c1f-5.9.1158-windows-installer.msi
Fasig,https://app.ninjarmm.com/agent/installer/cee71d07-3a61-42bb-8375-750bbb221721/fasigmainoffice5de092-5.9.1158-windows-installer.msi
Fastemp,https://app.ninjarmm.com/agent/installer/eba38488-a50b-4ef4-9cce-ba8faf840960/fastempmainofficedb6d1d-5.9.1158-windows-installer.msi
Fennell,https://app.ninjarmm.com/agent/installer/15db5a7f-81a4-4c56-8e51-679ad6441e65/fennellmainoffice5f556e-5.9.1158-windows-installer.msi
Fiehrer Motors,https://app.ninjarmm.com/agent/installer/fa872684-a996-45aa-b1a4-2a8dfd2035c9/fiehrermotorsmainoffice6a8ac2-5.9.1158-windows-installer.msi
Finn Graphics,https://app.ninjarmm.com/agent/installer/2c7d0bdd-5876-44c7-8f06-b1db6637a577/finngraphicsmainoffice8d8780-5.9.1158-windows-installer.msi
Fixture Resource Group (FRG),https://app.ninjarmm.com/agent/installer/12d9da11-5ee3-42b0-ab92-a8e747cd9bb8/fixtureresourcegroupfrgmainoffice9d20ce-5.9.1158-windows-installer.msi
Flipside Products,https://app.ninjarmm.com/agent/installer/740082a5-fa5c-4069-b031-d0874997e442/flipsideproductsmainofficeb0db11-5.9.1158-windows-installer.msi
Ford Development,https://app.ninjarmm.com/agent/installer/81099c9c-99a4-4305-ac4f-6838327d16e2/forddevelopmentmainofficea297e2-5.9.1158-windows-installer.msi
Fulcrum Lifting,https://app.ninjarmm.com/agent/installer/3d41739f-e34d-4b85-b773-f0de98afde31/fulcrumliftingmainoffice3aa8b0-5.9.1158-windows-installer.msi
Gallenstein Bros,https://app.ninjarmm.com/agent/installer/4998a1c2-ec9a-4397-be43-0e916f70fb08/gallensteinbrosmainofficefe9f8b-5.9.1158-windows-installer.msi
George Steel,https://app.ninjarmm.com/agent/installer/04130e26-f935-420a-97c6-d7741a6906b7/georgesteelmainoffice7e5583-5.9.1158-windows-installer.msi
Glenmary Home Missioners,https://app.ninjarmm.com/agent/installer/9d3eb850-a48a-47aa-b693-0c3b1eac795b/glenmaryhomemissionersmainoffice51b241-5.9.1158-windows-installer.msi
Glenwood Electric,https://app.ninjarmm.com/agent/installer/abc8153f-b1cd-4f49-9dce-1fbead78ff73/glenwoodelectricmainoffice780f20-5.9.1158-windows-installer.msi
"Graphic Information Systems, Inc.",https://app.ninjarmm.com/agent/installer/9f6977fa-5d79-4751-871e-8ae17e609d21/graphicinformationsystemsincmainoffice0017d9-5.9.1158-windows-installer.msi
Graphic Print Solutions,https://app.ninjarmm.com/agent/installer/867759af-99bc-4a97-9863-7ac323b94fa3/graphicprintsolutionsmainofficed83190-5.9.1158-windows-installer.msi
Haney,https://app.ninjarmm.com/agent/installer/b177dfd9-6539-41e9-a1ce-74b2a57a4805/haneymainoffice2fe85d-5.9.1158-windows-installer.msi
Harrison Building Loan,https://app.ninjarmm.com/agent/installer/c2cee1fb-5523-491d-ab8b-adc0d55ad965/harrisonbuildingloanmainoffice1b6780-5.9.1158-windows-installer.msi
Havels,https://app.ninjarmm.com/agent/installer/dfca861b-4217-4e2e-9fac-6a8a8ba0913d/havelsmainoffice154a8a-5.9.1158-windows-installer.msi
Holthaus Lackner Signs,https://app.ninjarmm.com/agent/installer/e0d80281-0e82-47df-a2bc-9b4f36cdcbc2/holthauslacknersignsmainoffice210f97-5.9.1158-windows-installer.msi
Horizon Infusions,https://app.ninjarmm.com/agent/installer/012bc73c-5b35-45c9-bcc8-b7c2e1211cd8/horizoninfusionsmainoffice9e69cf-5.9.1158-windows-installer.msi
Hosea Project Movers,https://app.ninjarmm.com/agent/installer/48cb0088-9f1a-41fd-8629-ff3937f05b9a/hoseaprojectmoversmainoffice807915-5.9.1158-windows-installer.msi
IEC of Greater Cincinnati,https://app.ninjarmm.com/agent/installer/30785262-939e-4db3-8da5-8212e5f6cbcf/iecofgreatercincinnatimainofficee1b505-5.9.1158-windows-installer.msi
"Information Alternatives, Inc",https://app.ninjarmm.com/agent/installer/1bb7b2d2-53ba-442b-bd74-c4008a602b2f/informationalternativesincmainofficeb3e833-5.9.1158-windows-installer.msi
Integrated Research,https://app.ninjarmm.com/agent/installer/f4a0317c-b226-441e-8895-8c98010251f3/integratedresearchmainofficecc01ed-5.9.1158-windows-installer.msi
JA Interiors,https://app.ninjarmm.com/agent/installer/3df10e51-88fd-4fc6-962a-ab35fc8d59c8/jainteriorsmainofficec5d9f7-5.9.1158-windows-installer.msi
JBS Industries,https://app.ninjarmm.com/agent/installer/ac0313d0-74c3-4bbb-b1f0-9e43a8378d2a/jbsindustriesmainoffice8f5136-5.9.1158-windows-installer.msi
Jeff Ruby,https://app.ninjarmm.com/agent/installer/dbbd96e1-e61d-47b6-8e4e-79d053a9c6c1/jeffrubymainoffice38ba0f-5.9.1158-windows-installer.msi
Jewel-Craft,https://app.ninjarmm.com/agent/installer/41d50226-6cd8-4742-bc98-2d5e28825c23/jewelcraftmainofficebb4dc8-5.9.1158-windows-installer.msi
Kirks Natural,https://app.ninjarmm.com/agent/installer/cea90df4-27de-4ad5-867f-d3001b65ca00/kirksnaturalmainoffice9e68e9-5.9.1158-windows-installer.msi
KURZHALS,https://app.ninjarmm.com/agent/installer/d1f54d24-4d4a-4871-917e-50faa8077e06/kurzhalsmainoffice85df0e-5.9.1158-windows-installer.msi
League for Animal Welfare,https://app.ninjarmm.com/agent/installer/f22ae6bd-492a-43ae-aefe-6aba0f7a4b9e/leagueforanimalwelfaremainoffice0aabbd-5.9.1158-windows-installer.msi
"LISNR, Inc.",https://app.ninjarmm.com/agent/installer/fb16eb90-e94c-463e-a36c-c882f526ccbf/lisnrincmainoffice3ae5a7-5.9.1158-windows-installer.msi
LK Tech,https://app.ninjarmm.com/agent/installer/c18abc1f-224b-42ba-ba52-29d7d78f9ad3/lktechmainoffice3763e9-5.9.1158-windows-installer.msi
LK Technologies DC,https://app.ninjarmm.com/agent/installer/1a3bbf58-143d-4e4e-a968-e2e7c17b37c0/lktechnologiesdcmainoffice32d241-5.9.1158-windows-installer.msi
"Magnum Piering, Inc",https://app.ninjarmm.com/agent/installer/3a886a0b-da2d-4d05-a59a-a8338043626e/magnumpieringincmainofficea0a511-5.9.1158-windows-installer.msi
Mailender,https://app.ninjarmm.com/agent/installer/78b8265e-badf-4208-b8c3-e55d2f8bfd3b/mailendermainofficed1ba57-5.9.1158-windows-installer.msi
Mark Spaulding Construction,https://app.ninjarmm.com/agent/installer/6d1a267f-5219-4f02-ab61-2302a90001bb/markspauldingconstructionmainoffice2eed95-5.9.1158-windows-installer.msi
Mary Queen of Heaven,https://app.ninjarmm.com/agent/installer/704b857e-7ee8-4674-a82e-d2d241a8aa2e/maryqueenofheavenmainofficea3cf46-5.9.1158-windows-installer.msi
McHale's Events & Catering,https://app.ninjarmm.com/agent/installer/96ad466c-4eec-45c1-ab05-5e787d7c1c5f/mchaleseventscateringmainofficed4ab4d-5.9.1158-windows-installer.msi
Megen Construction,https://app.ninjarmm.com/agent/installer/4c25c2f8-3430-4583-864d-efc35ed159e5/megenconstructionmainofficef15c67-5.9.1158-windows-installer.msi
Merling Medical Practice,https://app.ninjarmm.com/agent/installer/c73df5f0-5ab1-49a2-be62-fa9acb161aaa/merlingmedicalpracticemainoffice659231-5.9.1158-windows-installer.msi
Midwest Plumbing,https://app.ninjarmm.com/agent/installer/cd917b13-b890-42b2-b271-96f8da7ee9fd/midwestplumbingmainoffice88adef-5.9.1158-windows-installer.msi
Model Graphics,https://app.ninjarmm.com/agent/installer/0ceed15f-36dd-418a-b0a3-45f26dc49d3f/modelgraphicsmainofficed55707-5.9.1158-windows-installer.msi
Montessori Academy of Cincinnati,https://app.ninjarmm.com/agent/installer/561152ab-1239-4411-96b1-f92fff6501b4/montessoriacademyofcincinnatimainoffice88bc9a-5.9.1158-windows-installer.msi
Montgomery Community Church,https://app.ninjarmm.com/agent/installer/e9191a28-343a-4f19-bc50-90f2837a73c6/montgomerycommunitychurchmainoffice45756c-5.9.1158-windows-installer.msi
Moore Dental,https://app.ninjarmm.com/agent/installer/bce34006-3ee4-4ceb-ba1f-e681a7f66268/mooredentalmainofficed7ecd6-5.9.1158-windows-installer.msi
Morgeson Law,https://app.ninjarmm.com/agent/installer/a575e00d-d48f-4bec-b877-5982af8546f3/morgesonlawmainoffice08a686-5.9.1158-windows-installer.msi
Mount St Marys Seminary,https://app.ninjarmm.com/agent/installer/07175404-363e-4855-a608-88c535f2abf6/mountstmarysseminarymainofficebff100-5.9.1158-windows-installer.msi
Mt. Carmel Baptist Church,https://app.ninjarmm.com/agent/installer/75289b5c-6263-45bb-8c72-da7990a96676/mtcarmelbaptistchurchmainoffice23f559-5.9.1158-windows-installer.msi
NewPath,https://app.ninjarmm.com/agent/installer/047e349e-495d-4228-b294-0b7b460c2ebf/newpathmainofficeaa1881-5.9.1158-windows-installer.msi
Northeast Cincinnati Pediatric Association,https://app.ninjarmm.com/agent/installer/1cffe15c-dac6-4f1c-8aa4-ade88affe11f/northeastcincinnatipediatricassociationmainofficee9303d-5.9.1158-windows-installer.msi
Northern Kentucky Eye Care Center,https://app.ninjarmm.com/agent/installer/ce20c029-da81-446f-8cfe-1a72b67a0a7f/northernkentuckyeyecarecentermainoffice99e371-5.9.1158-windows-installer.msi
OK Interiors,https://app.ninjarmm.com/agent/installer/e9b772d5-689c-44d8-b2fd-d687cc7b7577/okinteriorsmainoffice76cb6f-5.9.1158-windows-installer.msi
On Display,https://app.ninjarmm.com/agent/installer/22c7103c-c6a0-4bbe-a6c8-18c3de048eea/ondisplaymainofficee6b255-5.9.1158-windows-installer.msi
O'Rourke Wrecking Company,https://app.ninjarmm.com/agent/installer/24492118-d4c5-4502-8ff9-dcc205ad8006/orourkewreckingcompanymainofficeee87df-5.9.1158-windows-installer.msi
Orsanco,https://app.ninjarmm.com/agent/installer/88077e08-f820-4508-8ec8-616969abe2a7/orsancomainoffice396187-5.9.1158-windows-installer.msi
Paas Blackburn and Justice,https://app.ninjarmm.com/agent/installer/d7faf3a5-a181-4965-a778-dfa53994fe4e/paasblackburnandjusticemainoffice4539b3-5.9.1158-windows-installer.msi
Panel Barn,https://app.ninjarmm.com/agent/installer/cf61841f-e27c-4fc8-aba2-eeba467a649a/panelbarnmainoffice1921a0-5.9.1158-windows-installer.msi
Panel-Fab,https://app.ninjarmm.com/agent/installer/49f30418-27d0-448d-9804-98da65cc6c30/panelfabmainofficeb0d2ac-5.9.1158-windows-installer.msi
Parsons and Prowls,https://app.ninjarmm.com/agent/installer/99b94c17-eaef-448a-83ee-e7c748252bdf/parsonsandprowlsmainofficed2c219-5.9.1158-windows-installer.msi
"Pediatric Care, PSC.",https://app.ninjarmm.com/agent/installer/8b729b30-343b-4829-a3ef-928dc7ddf5d6/pediatriccarepscmainoffice500b01-5.9.1158-windows-installer.msi
Pediatrics of Florence,https://app.ninjarmm.com/agent/installer/3ab55964-41b9-4d86-8a00-ab72e4307274/pediatricsofflorencemainoffice3b9098-5.9.1158-windows-installer.msi
Pension Corp of America,https://app.ninjarmm.com/agent/installer/e150f379-4b06-4b73-87e2-f75144b93a13/pensioncorpofamericamainoffice7b9817-5.9.1158-windows-installer.msi
PeterPaul,https://app.ninjarmm.com/agent/installer/3ec70239-466d-4e54-a245-e28a1f94bd54/peterpaulmainofficebc8df6-5.9.1158-windows-installer.msi
Process Construction (PCI),https://app.ninjarmm.com/agent/installer/3a1b47a2-265c-4798-8ee1-610e229f42d1/processconstructionpcimainoffice934874-5.9.1158-windows-installer.msi
ReGadget,https://app.ninjarmm.com/agent/installer/3d85c53a-7a5e-4a14-a37f-5ee2ceca3b45/regadgetmainoffice53b00f-5.9.1158-windows-installer.msi
Response Technologies,https://app.ninjarmm.com/agent/installer/beda3a03-a18d-4cfe-8988-21c6dd6e9d7e/responsetechnologiesmainofficef0c4ae-5.9.1158-windows-installer.msi
RSW/US,https://app.ninjarmm.com/agent/installer/46f0061d-ef88-4894-8329-a82198f8814b/rswusmainoffice550582-5.9.1158-windows-installer.msi
Schneider Electric,https://app.ninjarmm.com/agent/installer/84baa8af-39c0-4a32-a5d5-dcd7ebb394bd/schneiderelectricmainoffice66cead-5.9.1158-windows-installer.msi
Sea Of Smiles,https://app.ninjarmm.com/agent/installer/b69611cf-65ba-4d86-86da-b0c7284624e2/seaofsmilesmainofficef1baa7-5.9.1158-windows-installer.msi
Security Fence,https://app.ninjarmm.com/agent/installer/22df1ba6-d53d-4993-a2dd-4bcc9196c1c1/securityfencemainoffice1702f1-5.9.1158-windows-installer.msi
Sem Haven,https://app.ninjarmm.com/agent/installer/fb5902a3-e253-42b6-bcf3-45a084ae0153/semhavenmainofficea98b31-5.9.1158-windows-installer.msi
Sofco Erectors,https://app.ninjarmm.com/agent/installer/1e566e64-64fc-46b9-9fce-a0640e3f5b60/sofcoerectorsmainofficeb71de3-5.9.1158-windows-installer.msi
Specialty Adhesive,https://app.ninjarmm.com/agent/installer/9c7c7aac-9824-43a3-b0ea-5c13204b68df/specialtyadhesivemainoffice80911a-5.9.1158-windows-installer.msi
Sprowls,https://app.ninjarmm.com/agent/installer/34f9cfc2-221d-4213-bf5a-7f0fa54a5d5d/sprowlsmainofficed66595-5.9.1158-windows-installer.msi
St Henry Church & School,https://app.ninjarmm.com/agent/installer/66011a7f-7186-4296-939e-70e5eecdee0a/sthenrychurchschoolmainoffice47923a-5.9.1158-windows-installer.msi
St. Joseph Catholic Church Kentucky,https://app.ninjarmm.com/agent/installer/4a2ffe3b-4dcf-4480-b2d4-ed1e3cce536a/stjosephcatholicchurchkentuckymainoffice202dda-5.9.1158-windows-installer.msi
St. Susanna,https://app.ninjarmm.com/agent/installer/c4585c58-df71-42ae-b631-d5a21673ffb0/stsusannamainoffice8ffc9a-5.9.1158-windows-installer.msi
Star Building Materials,https://app.ninjarmm.com/agent/installer/cac86861-4412-4c8d-844a-900591536870/starbuildingmaterialsmainoffice114ba5-5.9.1158-windows-installer.msi
Stepping Stones,https://app.ninjarmm.com/agent/installer/b82e9693-c355-49b4-acd4-63dae66a03c7/steppingstonesmainoffice7e8977-5.9.1158-windows-installer.msi
Stopstick,https://app.ninjarmm.com/agent/installer/022ec5df-5a8f-4e2d-aaab-e75fee23ed90/stopstickmainoffice9edc19-5.9.1158-windows-installer.msi
Sycamore Church,https://app.ninjarmm.com/agent/installer/e7442a14-45ce-4d01-9d29-f092c63c2621/sycamorechurchmainofficeaa0c8e-5.9.1158-windows-installer.msi
TBS Meats,https://app.ninjarmm.com/agent/installer/83dba9f1-e6c8-498d-a0dc-9b97b72dfa4f/tbsmeatsmainoffice21a1a1-5.9.1158-windows-installer.msi
Tente Casters,https://app.ninjarmm.com/agent/installer/57f408d9-eab8-47e6-979f-11ddd21ea1a8/tentecastersmainoffice88b336-5.9.1158-windows-installer.msi
TestDeployments,https://app.ninjarmm.com/agent/installer/f962af36-2059-42bc-bade-91860dc7a817/testdeploymentsmainoffice9b4c77-5.9.1158-windows-installer.msi
The Dwyer Company,https://app.ninjarmm.com/agent/installer/d3c64f65-fe17-47d7-aea1-9cc2ef54f4dd/thedwyercompanymainoffice6a4fa7-5.9.1158-windows-installer.msi
The Nelson Stark,https://app.ninjarmm.com/agent/installer/1c19330e-3a39-41a0-9aee-51fd1a7ac8ec/thenelsonstarkmainoffice04ce25-5.9.1158-windows-installer.msi
TMI Electric,https://app.ninjarmm.com/agent/installer/96f325ed-2471-40f0-a31e-6dff82d1f35a/tmielectricmainofficea63a64-5.9.1158-windows-installer.msi
TRESSA,https://app.ninjarmm.com/agent/installer/280e177a-f589-4ef3-809e-459952671502/tressamainoffice7488ff-5.9.1158-windows-installer.msi
TRIAD,https://app.ninjarmm.com/agent/installer/eecc7185-eb6b-4512-9c6a-cd8f63ebd68d/triadmainoffice1c9eab-5.9.1158-windows-installer.msi
Tri-State Concrete,https://app.ninjarmm.com/agent/installer/30f212d3-125b-4079-b83c-7d05a28bc02f/tristateconcretemainofficecec383-5.9.1158-windows-installer.msi
Tri-State Fabricators,https://app.ninjarmm.com/agent/installer/6125c82a-1e46-4910-b9b5-97959faa79ed/tristatefabricatorsmainofficeff0f5e-5.9.1158-windows-installer.msi
Vanderwist,https://app.ninjarmm.com/agent/installer/5f04e5c6-fe3a-448c-bb9b-f21b0a265ffe/vanderwistmainoffice1a0400-5.9.1158-windows-installer.msi
Venco,https://app.ninjarmm.com/agent/installer/43050fc5-0c3b-4df4-837b-72642a90a069/vencomainoffice29c175-5.9.1158-windows-installer.msi
Williamsburg Township,https://app.ninjarmm.com/agent/installer/c807a3fc-6a30-43ae-a753-b4bfb7815748/williamsburgtownshipmainofficea2feba-5.9.1158-windows-installer.msi
Winelco,https://app.ninjarmm.com/agent/installer/87522eb3-3525-48c2-9509-9946e7fede85/winelcomainoffice258fb2-5.9.1158-windows-installer.msi
Working In Neighborhoods,https://app.ninjarmm.com/agent/installer/e19be21a-61e3-4ef3-b822-13fd4a682dea/workinginneighborhoodsmainoffice0c717b-5.9.1158-windows-installer.msi
Wright Smiles Pediatric Dentistry,https://app.ninjarmm.com/agent/installer/a06d03ea-033a-4ea4-b9ab-ea4f04ab52fa/wrightsmilespediatricdentistrymainoffice14c9cd-5.9.1158-windows-installer.msi
Ziegler & Schneider,https://app.ninjarmm.com/agent/installer/d16df944-58bd-4f95-8696-3457aa3aa480/zieglerschneidermainofficef09936-5.9.1158-windows-installer.msi
